{
  "F1@5": 0.2715131423003681,
  "NDCG": 0.4087740480899811,
  "Documents_evaluated": 1818
}