{
  "F1@5": 0.2306556789594064,
  "NDCG": 0.36843936717609177,
  "Documents_evaluated": 1818
}