{
  "F1@5": 0.23084466344796925,
  "NDCG": 0.37400804852693253,
  "Documents_evaluated": 1815
}