{
  "F1@5": 0.3146946240447502,
  "NDCG": 0.488142192363739,
  "Documents_evaluated": 1818
}