{
  "F1@5": 0.2333201312841189,
  "NDCG": 0.3735557496547699,
  "Documents_evaluated": 1818
}