{
  "F1@5": 0.22742534461375466,
  "NDCG": 0.36001644767918406,
  "Documents_evaluated": 1818
}