{
  "F1@5": 0.23400551836049796,
  "NDCG": 0.37294564641128936,
  "Documents_evaluated": 1818
}