{
  "F1@5": 0.24913045728906727,
  "NDCG": 0.38997735528762945,
  "Documents_evaluated": 1818
}