{
  "F1@5": 0.4662634707739284,
  "NDCG": 0.6133524179458618,
  "Documents_evaluated": 1367
}