{
  "F1@5": 0.15404250589894156,
  "NDCG": 0.24054647982120514,
  "Documents_evaluated": 1818
}