{
  "F1@5": 0.2873918358957718,
  "NDCG": 0.38556820154190063,
  "Documents_evaluated": 1367
}