{
  "F1@5": 0.39796013215991816,
  "NDCG": 0.5301554799079895,
  "Documents_evaluated": 1367
}