{
  "F1@5": 0.24941642955863494,
  "NDCG": 0.3898890143507777,
  "Documents_evaluated": 1818
}