{
  "F1@5": 0.16379852470761563,
  "NDCG": 0.24984666711764159,
  "Documents_evaluated": 1815
}