{
  "F1@5": 0.23437367788707336,
  "NDCG": 0.3712773025035858,
  "Documents_evaluated": 1818
}