{
  "F1@5": 0.36076971277175124,
  "NDCG": 0.5534016489982605,
  "Documents_evaluated": 1818
}