{
  "F1@5": 0.2485356592471716,
  "NDCG": 0.3913952708244324,
  "Documents_evaluated": 1818
}