{
  "F1@5": 0.16756409812855166,
  "NDCG": 0.25351983308792114,
  "Documents_evaluated": 1818
}