{
  "F1@5": 0.16853267026049013,
  "NDCG": 0.25355048755230314,
  "Documents_evaluated": 1818
}