{
  "F1@5": 0.22353584196672918,
  "NDCG": 0.3575500249862671,
  "Documents_evaluated": 1818
}