{
  "F1@5": 0.46896382127427305,
  "NDCG": 0.6166577935218811,
  "Documents_evaluated": 1367
}