{
  "F1@5": 0.22734155804403738,
  "NDCG": 0.35689824719741525,
  "Documents_evaluated": 1815
}