{
  "F1@5": 0.24815364464124795,
  "NDCG": 0.3909377749843543,
  "Documents_evaluated": 1815
}