{
  "F1@5": 0.1677556394043484,
  "NDCG": 0.2507071785821446,
  "Documents_evaluated": 1818
}