{
  "F1@5": 0.22395381982355386,
  "NDCG": 0.354322553687332,
  "Documents_evaluated": 1818
}