{
  "F1@5": 0.22507324082260988,
  "NDCG": 0.3564439117908478,
  "Documents_evaluated": 1818
}