{
  "F1@5": 0.3130065880429887,
  "NDCG": 0.4822632074356079,
  "Documents_evaluated": 1818
}