{
  "F1@5": 0.18675745352815562,
  "NDCG": 0.24778875708580017,
  "Documents_evaluated": 1367
}